{
  "results": {
    "arc_challenge": {
      "acc": 0.38139931740614336,
      "acc_stderr": 0.014194389086685263,
      "acc_norm": 0.4180887372013652,
      "acc_norm_stderr": 0.014413988396996077
    },
    "arc_easy": {
      "acc": 0.7196969696969697,
      "acc_stderr": 0.009216306864088034,
      "acc_norm": 0.7125420875420876,
      "acc_norm_stderr": 0.00928668228159341
    },
    "boolq": {
      "acc": 0.7207951070336391,
      "acc_stderr": 0.007846210712706133
    },
    "hellaswag": {
      "acc": 0.5617406891057558,
      "acc_stderr": 0.0049515940632720535,
      "acc_norm": 0.7535351523600876,
      "acc_norm_stderr": 0.004300716033677244
    },
    "openbookqa": {
      "acc": 0.288,
      "acc_stderr": 0.02027150383507522,
      "acc_norm": 0.404,
      "acc_norm_stderr": 0.021966635293832915
    },
    "piqa": {
      "acc": 0.7742110990206746,
      "acc_stderr": 0.00975498067091732,
      "acc_norm": 0.7878128400435256,
      "acc_norm_stderr": 0.009539299828174055
    },
    "winogrande": {
      "acc": 0.7040252565114443,
      "acc_stderr": 0.012829348226339018
    }
  },
  "versions": {
    "arc_challenge": 0,
    "arc_easy": 0,
    "boolq": 1,
    "hellaswag": 0,
    "openbookqa": 0,
    "piqa": 0,
    "winogrande": 0
  },
  "config": {
    "model": "compresso",
    "model_args": "pretrained=baffo32/decapoda-research-llama-7B-hf,prompt_mark=1",
    "num_fewshot": 0,
    "batch_size": null,
    "batch_sizes": [],
    "device": "cuda:0",
    "no_cache": true,
    "limit": null,
    "bootstrap_iters": 100000,
    "description_dict": {}
  }
}