{
  "results": {
    "arc_challenge": {
      "acc": 0.26535836177474403,
      "acc_stderr": 0.012902554762313966,
      "acc_norm": 0.29436860068259385,
      "acc_norm_stderr": 0.013318528460539426
    },
    "arc_easy": {
      "acc": 0.49158249158249157,
      "acc_stderr": 0.010258329515226455,
      "acc_norm": 0.4604377104377104,
      "acc_norm_stderr": 0.010227616386289006
    },
    "boolq": {
      "acc": 0.6477064220183486,
      "acc_stderr": 0.008354760493906115
    },
    "hellaswag": {
      "acc": 0.3707428799044015,
      "acc_stderr": 0.0048201660022530735,
      "acc_norm": 0.49302927703644694,
      "acc_norm_stderr": 0.0049892964711570715
    },
    "openbookqa": {
      "acc": 0.214,
      "acc_stderr": 0.01835979750238701,
      "acc_norm": 0.316,
      "acc_norm_stderr": 0.020812359515855864
    },
    "piqa": {
      "acc": 0.6550598476605005,
      "acc_stderr": 0.011090670102993163,
      "acc_norm": 0.6588683351468988,
      "acc_norm_stderr": 0.011061289443962716
    },
    "winogrande": {
      "acc": 0.5935280189423836,
      "acc_stderr": 0.013804448697753368
    }
  },
  "versions": {
    "arc_challenge": 0,
    "arc_easy": 0,
    "boolq": 1,
    "hellaswag": 0,
    "openbookqa": 0,
    "piqa": 0,
    "winogrande": 0
  },
  "config": {
    "model": "compresso",
    "model_args": "pretrained=baffo32/decapoda-research-llama-7B-hf,peft=output/Compresso-pruning-s50.0-lr5e-05-reglr0.1-warmup1/2023-11-28-4-31/epoch1,prompt_mark=2,lora_param=Q.V",
    "num_fewshot": 0,
    "batch_size": null,
    "batch_sizes": [],
    "device": "cuda:0",
    "no_cache": true,
    "limit": null,
    "bootstrap_iters": 100000,
    "description_dict": {}
  }
}