{
  "results": {
    "arc_challenge": {
      "acc": 0.2551194539249147,
      "acc_stderr": 0.012739038695202098,
      "acc_norm": 0.28498293515358364,
      "acc_norm_stderr": 0.013191348179838793
    },
    "arc_easy": {
      "acc": 0.5067340067340067,
      "acc_stderr": 0.010258852980991825,
      "acc_norm": 0.4537037037037037,
      "acc_norm_stderr": 0.01021570829549413
    },
    "boolq": {
      "acc": 0.6357798165137615,
      "acc_stderr": 0.008416429936787189
    },
    "hellaswag": {
      "acc": 0.36715793666600277,
      "acc_stderr": 0.004810449343572393,
      "acc_norm": 0.4838677554272057,
      "acc_norm_stderr": 0.004987183560792769
    },
    "openbookqa": {
      "acc": 0.182,
      "acc_stderr": 0.017272773297730446,
      "acc_norm": 0.32,
      "acc_norm_stderr": 0.02088234048876181
    },
    "piqa": {
      "acc": 0.6485310119695321,
      "acc_stderr": 0.011139207691931193,
      "acc_norm": 0.6534276387377584,
      "acc_norm_stderr": 0.011103020320872174
    },
    "winogrande": {
      "acc": 0.5643251775848461,
      "acc_stderr": 0.013935709739615713
    }
  },
  "versions": {
    "arc_challenge": 0,
    "arc_easy": 0,
    "boolq": 1,
    "hellaswag": 0,
    "openbookqa": 0,
    "piqa": 0,
    "winogrande": 0
  },
  "config": {
    "model": "compresso",
    "model_args": "pretrained=baffo32/decapoda-research-llama-7B-hf,peft=output/Compresso-pruning-s50.0-lr5e-05-reglr0.1-warmup1/2023-11-28-4-31/epoch1,prompt_mark=0,lora_param=Q.V",
    "num_fewshot": 0,
    "batch_size": null,
    "batch_sizes": [],
    "device": "cuda:0",
    "no_cache": true,
    "limit": null,
    "bootstrap_iters": 100000,
    "description_dict": {}
  }
}