{
  "results": {
    "arc_challenge": {
      "acc": 0.38054607508532423,
      "acc_stderr": 0.014188277712349824,
      "acc_norm": 0.4129692832764505,
      "acc_norm_stderr": 0.014388344935398322
    },
    "arc_easy": {
      "acc": 0.7243265993265994,
      "acc_stderr": 0.009169229476542567,
      "acc_norm": 0.7095959595959596,
      "acc_norm_stderr": 0.009314833302936289
    },
    "boolq": {
      "acc": 0.7149847094801223,
      "acc_stderr": 0.007895415622528964
    },
    "hellaswag": {
      "acc": 0.560246962756423,
      "acc_stderr": 0.00495342618606983,
      "acc_norm": 0.7507468631746664,
      "acc_norm_stderr": 0.004316965678675083
    },
    "openbookqa": {
      "acc": 0.282,
      "acc_stderr": 0.02014357284729078,
      "acc_norm": 0.398,
      "acc_norm_stderr": 0.021912377885779964
    },
    "piqa": {
      "acc": 0.7725788900979326,
      "acc_stderr": 0.009779850767847242,
      "acc_norm": 0.7878128400435256,
      "acc_norm_stderr": 0.009539299828174055
    },
    "winogrande": {
      "acc": 0.7032359905288083,
      "acc_stderr": 0.012839239695202023
    }
  },
  "versions": {
    "arc_challenge": 0,
    "arc_easy": 0,
    "boolq": 1,
    "hellaswag": 0,
    "openbookqa": 0,
    "piqa": 0,
    "winogrande": 0
  },
  "config": {
    "model": "compresso",
    "model_args": "pretrained=baffo32/decapoda-research-llama-7B-hf,prompt_mark=2",
    "num_fewshot": 0,
    "batch_size": null,
    "batch_sizes": [],
    "device": "cuda:0",
    "no_cache": true,
    "limit": null,
    "bootstrap_iters": 100000,
    "description_dict": {}
  }
}